{
  "Ansi 7 Color (Light)" : {
    "Red Component" : 0.48630000000000001,
    "Color Space" : "sRGB",
    "Blue Component" : 0.39219999999999999,
    "Alpha Component" : 1,
    "Green Component" : 0.43530000000000002
  },
  "Ansi 15 Color (Light)" : {
    "Red Component" : 0.23530000000000001,
    "Color Space" : "sRGB",
    "Blue Component" : 0.21179999999999999,
    "Alpha Component" : 1,
    "Green Component" : 0.21959999999999999
  },
  "Ansi 2 Color (Light)" : {
    "Red Component" : 0.59609999999999996,
    "Color Space" : "sRGB",
    "Blue Component" : 0.10199999999999999,
    "Alpha Component" : 1,
    "Green Component" : 0.59219999999999995
  },
  "Bold Color" : {
    "Red Component" : 0.062745101749897003,
    "Color Space" : "sRGB",
    "Blue Component" : 0.062745101749897003,
    "Alpha Component" : 1,
    "Green Component" : 0.062745101749897003
  },
  "Ansi 1 Color (Dark)" : {
    "Red Component" : 0.80000001192092896,
    "Color Space" : "sRGB",
    "Blue Component" : 0.11372549086809158,
    "Alpha Component" : 1,
    "Green Component" : 0.14117647707462311
  },
  "Use Bright Bold" : true,
  "Ansi 9 Color (Light)" : {
    "Red Component" : 0.61570000000000003,
    "Color Space" : "sRGB",
    "Blue Component" : 0.0235,
    "Alpha Component" : 1,
    "Green Component" : 0
  },
  "Ansi 8 Color (Dark)" : {
    "Red Component" : 0.57254904508590698,
    "Color Space" : "sRGB",
    "Blue Component" : 0.45490196347236633,
    "Alpha Component" : 1,
    "Green Component" : 0.51372551918029785
  },
  "Background Color" : {
    "Red Component" : 0.97999999999999998,
    "Color Space" : "sRGB",
    "Blue Component" : 0.97999999999999998,
    "Alpha Component" : 1,
    "Green Component" : 0.97999999999999998
  },
  "Columns" : 120,
  "Ansi 8 Color" : {
    "Red Component" : 0.40781760215759277,
    "Color Space" : "sRGB",
    "Blue Component" : 0.4078223705291748,
    "Alpha Component" : 1,
    "Green Component" : 0.40782788395881653
  },
  "Right Option Key Sends" : 0,
  "Ansi 4 Color (Light)" : {
    "Red Component" : 0.27060000000000001,
    "Color Space" : "sRGB",
    "Blue Component" : 0.5333,
    "Alpha Component" : 1,
    "Green Component" : 0.52159999999999995
  },
  "Blinking Cursor" : true,
  "Selected Text Color (Light)" : {
    "Red Component" : 0.97650000000000003,
    "Color Space" : "sRGB",
    "Blue Component" : 0.84309999999999996,
    "Alpha Component" : 1,
    "Green Component" : 0.96079999999999999
  },
  "Selected Text Color (Dark)" : {
    "Red Component" : 0.92156863212585449,
    "Color Space" : "sRGB",
    "Blue Component" : 0.69803923368453979,
    "Alpha Component" : 1,
    "Green Component" : 0.85882353782653809
  },
  "Cursor Type" : 1,
  "Keyboard Map" : {

  },
  "Ansi 3 Color (Dark)" : {
    "Red Component" : 0.84313726425170898,
    "Color Space" : "sRGB",
    "Blue Component" : 0.12941177189350128,
    "Alpha Component" : 1,
    "Green Component" : 0.60000002384185791
  },
  "Visual Bell" : true,
  "Only The Default BG Color Uses Transparency" : true,
  "Cursor Text Color" : {
    "Red Component" : 1,
    "Color Space" : "sRGB",
    "Blue Component" : 1,
    "Alpha Component" : 1,
    "Green Component" : 1
  },
  "Scrollback Lines" : 1000,
  "Selection Color (Light)" : {
    "Red Component" : 0.23530000000000001,
    "Color Space" : "sRGB",
    "Blue Component" : 0.21179999999999999,
    "Alpha Component" : 1,
    "Green Component" : 0.21959999999999999
  },
  "Ansi 0 Color" : {
    "Red Component" : 0.078431375324726105,
    "Color Space" : "sRGB",
    "Blue Component" : 0.11764705926179886,
    "Alpha Component" : 1,
    "Green Component" : 0.098039217293262482
  },
  "Match Background Color (Dark)" : {
    "Red Component" : 0.99697142839431763,
    "Color Space" : "P3",
    "Blue Component" : 0.32116127014160156,
    "Alpha Component" : 1,
    "Green Component" : 0.98600882291793823
  },
  "Ansi 11 Color (Light)" : {
    "Red Component" : 0.70979999999999999,
    "Color Space" : "sRGB",
    "Blue Component" : 0.078399999999999997,
    "Alpha Component" : 1,
    "Green Component" : 0.4627
  },
  "Ansi 5 Color (Dark)" : {
    "Red Component" : 0.69411766529083252,
    "Color Space" : "sRGB",
    "Blue Component" : 0.52549022436141968,
    "Alpha Component" : 1,
    "Green Component" : 0.38431373238563538
  },
  "Cursor Text Color (Light)" : {
    "Red Component" : 0.97650000000000003,
    "Color Space" : "sRGB",
    "Blue Component" : 0.84309999999999996,
    "Alpha Component" : 1,
    "Green Component" : 0.96079999999999999
  },
  "Silence Bell" : false,
  "Rows" : 36,
  "Guid" : "DE0D73E4-DF39-4BFE-8BEC-0C08A7E8244F",
  "Ansi 14 Color (Dark)" : {
    "Red Component" : 0.55686277151107788,
    "Color Space" : "sRGB",
    "Blue Component" : 0.48627451062202454,
    "Alpha Component" : 1,
    "Green Component" : 0.75294119119644165
  },
  "Ansi 15 Color (Dark)" : {
    "Red Component" : 0.92156863212585449,
    "Color Space" : "sRGB",
    "Blue Component" : 0.69803923368453979,
    "Alpha Component" : 1,
    "Green Component" : 0.85882353782653809
  },
  "Ansi 0 Color (Dark)" : {
    "Red Component" : 0.11372549019607843,
    "Color Space" : "sRGB",
    "Blue Component" : 0.12941176470588237,
    "Alpha Component" : 1,
    "Green Component" : 0.1254901960784314
  },
  "Ambiguous Double Width" : false,
  "Option Key Sends" : 0,
  "Ansi 3 Color" : {
    "Red Component" : 0.78058648109436035,
    "Color Space" : "sRGB",
    "Blue Component" : 0,
    "Alpha Component" : 1,
    "Green Component" : 0.76959484815597534
  },
  "Window Type" : 0,
  "BM Growl" : true,
  "Prompt Before Closing 2" : false,
  "Command" : "",
  "Selected Text Color" : {
    "Red Component" : 0,
    "Color Space" : "sRGB",
    "Blue Component" : 0,
    "Alpha Component" : 1,
    "Green Component" : 0
  },
  "Ansi 14 Color (Light)" : {
    "Red Component" : 0.25879999999999997,
    "Color Space" : "sRGB",
    "Blue Component" : 0.34510000000000002,
    "Alpha Component" : 1,
    "Green Component" : 0.4824
  },
  "Cursor Guide Color (Dark)" : {
    "Red Component" : 0.23529493808746338,
    "Color Space" : "sRGB",
    "Blue Component" : 0.21176299452781677,
    "Alpha Component" : 1,
    "Green Component" : 0.21960270404815674
  },
  "Send Code When Idle" : false,
  "Ansi 6 Color" : {
    "Red Component" : 0,
    "Color Space" : "sRGB",
    "Blue Component" : 0.78166204690933228,
    "Alpha Component" : 1,
    "Green Component" : 0.77425903081893921
  },
  "Jobs to Ignore" : [
    "rlogin",
    "ssh",
    "slogin",
    "telnet"
  ],
  "Badge Color (Dark)" : {
    "Red Component" : 0.83921295404434204,
    "Color Space" : "sRGB",
    "Blue Component" : 0.054908305406570435,
    "Alpha Component" : 0.5,
    "Green Component" : 0.3646928071975708
  },
  "Cursor Color" : {
    "Red Component" : 0,
    "Color Space" : "sRGB",
    "Blue Component" : 0,
    "Alpha Component" : 1,
    "Green Component" : 0
  },
  "Vertical Spacing" : 1,
  "Disable Window Resizing" : true,
  "Close Sessions On End" : true,
  "Selection Color (Dark)" : {
    "Red Component" : 0.40000000596046448,
    "Color Space" : "sRGB",
    "Blue Component" : 0.32941177487373352,
    "Alpha Component" : 1,
    "Green Component" : 0.36078432202339172
  },
  "Default Bookmark" : "No",
  "Foreground Color (Light)" : {
    "Red Component" : 0.23530000000000001,
    "Color Space" : "sRGB",
    "Blue Component" : 0.21179999999999999,
    "Alpha Component" : 1,
    "Green Component" : 0.21959999999999999
  },
  "Custom Command" : "No",
  "Background Color (Dark)" : {
    "Red Component" : 0.11372549019607843,
    "Color Space" : "sRGB",
    "Blue Component" : 0.12941176470588237,
    "Alpha Component" : 1,
    "Green Component" : 0.1254901960784314
  },
  "Ansi 9 Color" : {
    "Red Component" : 0.8659515380859375,
    "Color Space" : "sRGB",
    "Blue Component" : 0.45833224058151245,
    "Alpha Component" : 1,
    "Green Component" : 0.47524076700210571
  },